Localidade,Name,Location,Runes,Loot,Stance,Pref. dmg. type,Resistencia
Altus Plateau,Sanguine Noble,Writheblood Ruins,"8,800",Bloodrose; Bloody Helice,65,ğŸ©¸ Sangramento., ğŸ©¸ Sangramento.
Altus Plateau,2x Crystalian (Spear and Ringblade),Altus Tunnel,"9,000",Smithing-Stone Miner's Bell Bearing (2),70,ğŸ Acerto (Strike) (altamente vulnerÃ¡vel)., âš”ï¸ Corte (Slash) e ğŸ¤º PerfuraÃ§Ã£o (Pierce). Fraco a Acerto (Strike).
Altus Plateau,Ancient Hero of Zamor,Sainted Hero's Grave,"24,000",Ancient Dragon Knight Kristoff,80,"ğŸ”¥ Fogo, âš¡ Raio.","â„ï¸ Congelamento (moderado), ğŸ©¸ Sangramento. Imune a â„ï¸ Congelamento (pode ter fases/exceÃ§Ãµes)."
Altus Plateau,Black Knife Assassin (Sainted Hero's Grave),In front of Sainted Hero's Grave,"11,339",Black Knife,80,"ğŸ©¸ Sangramento, â„ï¸ Congelamento.",Imune a Morte (Death Blight).  ğŸ©¸ Sangramento.
Altus Plateau,Godskin Apostle,Windmill Heights,"14,000",Godskin Peeler; Scouring Black Flame,80,"ğŸ’¤ Sono, ğŸ©¸ Sangramento, â„ï¸ Congelamento."," ğŸ”¥ Fogo (Fase 2) e âš”ï¸ Corte (Slash).  ğŸ©¸ Sangramento, â„ï¸ Congelamento."
Altus Plateau,Night's Cavalry,Between Altus Plateau and Altus Highway Junction SoGs,"10,000",Ash of War: Shared Order,80,"ğŸ™ŒğŸ» Sagrado, ğŸ©¸ Sangramento, â„ï¸ Congelamento.", ğŸ©¸ Sangramento e â„ï¸ Congelamento (variaÃ§Ã£o por arma).
Altus Plateau,Wormface,Minor Erdtree,"10,000",Crimsonspill Crystal Tear; Speckled Hardtear,80,ğŸ”¥ Fogo.,Morte.  ğŸ”¥ Fogo.
Altus Plateau,"Margit, the Fell Omen",Next to Outer Wall Battleground SoG,"16,800",Viridian Amber Medallion +1,80,"ğŸ©¸ Sangramento, â„ï¸ Congelamento (ambos moderados), Dano de Impacto (Strike)."," ğŸ©¸ Sangramento (moderado), â„ï¸ Congelamento (moderado)."
Altus Plateau,Fallingstar Beast,Crater South of Tree Sentinel Duo,"11,000",Somber Smithing Stone (5); 5x Smithing Stone (6); Gravity Stone Fan; Gravity Stone Chunk,100,"Dano de ğŸ¤º PerfuraÃ§Ã£o (Pierce), ğŸ©¸ Sangramento, â„ï¸ Congelamento."," ğŸ”· Magia e Gravidade.  ğŸ©¸ Sangramento, â„ï¸ Congelamento."
Altus Plateau,Godefroy the Grafted,Golden Lineage Evergaol,"31,200",Godfrey Icon,105,"ğŸ©¸ Sangramento, â„ï¸ Congelamento."," ğŸ©¸ Sangramento, â„ï¸ Congelamento."
Altus Plateau,Ancient Dragon Lansseax (1st location),Next to Abandoned Coffin SoG,0,Behold nothing,120,"ğŸ©¸ Sangramento, â„ï¸ Congelamento.","âš¡ Raio (Ã³bvio), ğŸ©¸ Sangramento, â„ï¸ Congelamento."
Altus Plateau,Ancient Dragon Lansseax (2nd location),Next to Rampartside Path SoG ,"60,000",Lansseax's Glaive,120,"ğŸ©¸ Sangramento, â„ï¸ Congelamento.","âš¡ Raio (Ã³bvio), ğŸ©¸ Sangramento, â„ï¸ Congelamento."
Altus Plateau,"Miranda, the Blighted Bloom and Omenkiller",Perfumer's Grotto,"8,400",Great Omenkiller Cleaver,100/75,"Miranda: ğŸ”¥ Fogo. Omenkiller: ğŸ©¸ Sangramento, â„ï¸ Congelamento.","Miranda:  ğŸ”· Magia. Omenkiller:  ğŸ”¥ Fogo, ğŸ©¸ Sangramento."
Altus Plateau,"Eleonora, Violet Bloody Finger",Second Church of Marika,"3,116",Eleonora's Poleblade; Purifying Crystal Tear,N/A,"ğŸ©¸ Sangramento, â„ï¸ Congelamento.", ğŸ©¸ Sangramento.
Altus Plateau,Magnus the Beast Claw,Writheblood Ruins,234,Great Stars; Somber Smithing Stone 6; Furlcalling Finger Remedy; Rune Arc,N/A,ğŸ©¸ Sangramento., ğŸ©¸ Sangramento.
Altus Plateau,Rileigh the Idle,Volcano Manor Marker,"1,828",Rune Arc; Furlcalling Finger Remedy; Crepus's Vial; 20x Black Key Bolt,N/A,"ğŸ©¸ Sangramento, â„ï¸ Congelamento.", ğŸ©¸ Sangramento.
Ashen Capital,"Godfrey, First Elden Lord/Hoarah Loux, Warrior",Next to Queen's Bedchamber SoG,"300,000",Remembrance of Hoarah Loux,120,"â„ï¸ Congelamento, ğŸ©¸ Sangramento (menos resistente na Fase 2).","â„ï¸ Congelamento, ğŸ©¸ Sangramento (menos resistente na Fase 2)."
Ashen Capital,Radagon of the Golden Order/Elden Beast,Inside the Erdtree,"500,000",Elden Remembrance,120/150,"Radagon: ğŸ©¸ Sangramento, â„ï¸ Congelamento. Elden Beast: ğŸ©¸ Sangramento, â„ï¸ Congelamento.","radagon:  ğŸ©¸ Sangramento, â„ï¸ Congelamento. Elden Beast: ğŸ™ŒğŸ» Sagrado, Magia."
Ashen Capital,"Sir Gideon Onfir, the All-Knowing",Next to Erdtree Sanctuary SoG,"150,000",All-Knowing Set; Scepter of the All-Knowing,N/A,"Dano ğŸ‘ŠğŸ» FÃ­sico, ğŸ©¸ Sangramento, â„ï¸ Congelamento.","ğŸ”· Magia, ğŸ™ŒğŸ» Sagrado, ğŸ”¥ Fogo (leve).  ğŸ©¸ Sangramento, â„ï¸ Congelamento."
Caelid,2x Clearnot Knight (Spear and Sickle),Abandoned Cave,"7,000",Gold Scarab Talisman,65,"ğŸ©¸ Sangramento, â„ï¸ Congelamento, ğŸ¤º PerfuraÃ§Ã£o (Pierce).","  ğŸ PodridÃ£o Escarlate.  ğŸ©¸ Sangramento, â„ï¸ Congelamento."
Caelid,2x Mad Pumpking Heads (Hammer and Flail),Caelem Ruins,"6,300",Visage Shield,65,"ğŸ¤º PerfuraÃ§Ã£o (Pierce), ğŸ©¸ Sangramento (no corpo, nÃ£o no elmo).", ğŸ‘ŠğŸ» Dano FÃ­sico (especialmente em seu elmo).  ğŸ©¸ Sangramento.
Caelid,Battlemage Hugues,Sellia Evergaol,"7,800",Battlemage Hugues Spirit Ashes,65,"Dano ğŸ‘ŠğŸ» FÃ­sico (especialmente ğŸ Acerto/Strike), ğŸ©¸ Sangramento, â„ï¸ Congelamento.",ğŸ”· Magia.
Caelid,Frenzied Duelist,Gaol Cave,"6,700",Putrid Corpse Ashes,65,"ğŸ©¸ Sangramento, â„ï¸ Congelamento."," ğŸ©¸ Sangramento, â„ï¸ Congelamento."
Caelid,Nox Swordstress and Nox Monk,"In front of Sellia, Town of Sorcery","6,400","Nox Flowing Sword, Lusat's Glintstone Staff",65,"Dano ğŸ‘ŠğŸ» FÃ­sico, ğŸ©¸ Sangramento, â„ï¸ Congelamento.","ğŸ”· Magia, ğŸ™ŒğŸ» Sagrado."
Caelid,"3x Crystalians (Spear, Staff and Disk)",Sellia Hideaway,"9,000",Crystal Torrent,70,ğŸ Acerto (Strike) (altamente vulnerÃ¡vel)., âš”ï¸ Corte (Slash) e ğŸ¤º PerfuraÃ§Ã£o (Pierce). Fraco a Acerto (Strike).
Caelid,Cemetery Shade,Caelid Catacombs,"6,800",2x Kindred of Rot Ashes,70,"Dano ğŸ™ŒğŸ» Sagrado, ğŸ”¥ Fogo.","â„ï¸ Congelamento, ğŸ©¸ Sangramento."
Caelid,2x Edrtree Burial Watchdog,Minor Erdtree Catacombs,"7,400",Mad Pumpking Head Ashes,80,"ğŸ Acerto (Strike), ğŸ”¥ Fogo, Dano ğŸ™ŒğŸ» Sagrado (menos do que esperaria).","  ğŸ¤º PerfuraÃ§Ã£o (Thrust).  ğŸ©¸ Sangramento, â„ï¸ Congelamento."
Caelid,Night's Cavalry,Next to Aeonia Swamp South SoG,"8,500",Ash of War: Poison Moth Flight,80,"ğŸ™ŒğŸ» Sagrado, ğŸ©¸ Sangramento, â„ï¸ Congelamento.", ğŸ©¸ Sangramento e â„ï¸ Congelamento (variaÃ§Ã£o por arma).
Caelid,Commander O'Neil,Heart of Aeonia,"12,000",Commander's Standard; Unalloyed Gold Needle,90,"ğŸ”¥ Fogo, ğŸ©¸ Sangramento, â„ï¸ Congelamento.","  ğŸ PodridÃ£o Escarlate (ele mesmo aplica).  ğŸ©¸ Sangramento, â„ï¸ Congelamento."
Caelid,Fallingstar Beast,Sellia Crystal Tunnel,"7,600",Somberstone Miner's Bell Bearing (1); Somber Smithing Stone (6); 5x Smithing Stone (7); 4x Gravity Stone Chunk,100,"Dano de ğŸ¤º PerfuraÃ§Ã£o (Pierce), ğŸ©¸ Sangramento, â„ï¸ Congelamento."," ğŸ”· Magia e Gravidade.  ğŸ©¸ Sangramento, â„ï¸ Congelamento."
Caelid,Decaying Ekzykes,In front of Cathedral of Dragon Communion,"38,000",Dragon Heart,120,"ğŸ©¸ Sangramento, â„ï¸ Congelamento.", ğŸ”¥ Fogo (Ã³bvio). Imune a  ğŸ PodridÃ£o Escarlate (ele mesmo aplica).
Caelid,Magma Wyrm,Gael Tunnel,"7,500",Moonveil Katana,120,"â„ï¸ Congelamento, ğŸ©¸ Sangramento.","  ğŸ”¥ Fogo. Imune a Magma.  ğŸ©¸ Sangramento, â„ï¸ Congelamento."
Caelid,Putrid Avatar,Minor Erdtree West,"9,600",Greenburst Crystal Tear; Flame-Shrouding Cracked Tear,120,"ğŸ”¥ Fogo, ğŸ©¸ Sangramento, â„ï¸ Congelamento.",  ğŸ™ŒğŸ» Sagrado. Imune a  ğŸ PodridÃ£o Escarlate (ele mesmo aplica).
Caelid,Putrid Tree Spirit,War-Dead Catacombs,"64,000",Redmane Knight Ogha Spirit Ashes; Golden Seed,120,"ğŸ™ŒğŸ» Sagrado, ğŸ©¸ Sangramento, â„ï¸ Congelamento."," ğŸ”¥ Fogo. Imune a Morte,  ğŸ PodridÃ£o Escarlate (ele mesmo aplica)."
Caelid,Death Rite Bird,Next to Aeonia Swamp South SoG,"15,000",Death'S Poker,120,"Dano ğŸ‘ŠğŸ» FÃ­sico (especialmente Standard), ğŸ©¸ Sangramento.",Imune a Morte.   ğŸ™ŒğŸ» Sagrado e ğŸ”¥ Fogo.
Caelid,Millicent,Southwest of Heart of Aeonia,316,"5x Sacramental Bud; Golden Rune (3); Golden Rune (5), Golden Rune (10)",N/A,"NÃ£o Ã© um chefe de combate, mas uma NPC aliada.","NÃ£o Ã© um chefe de combate, mas uma NPC aliada. NÃ£o possui resistÃªncias de boss."
Caelid,Crucible Knight and Misbegotten Warrior,Redmane Castle Plaza,"16,000",Ruins Greatsword,80,"Crucible Knight: ğŸ©¸ Sangramento, â„ï¸ Congelamento, ğŸ”· Magia. Misbegotten: ğŸ©¸ Sangramento.",Crucible Knight:  ğŸ™ŒğŸ» Sagrado. Misbegotten:  ğŸ©¸ Sangramento.
Capital Outskirts,Grave Warden Duelist,Auriza Side Tomb,"15,000",Soldjars of Fortune Ashes,65,"ğŸ™ŒğŸ» Sagrado, ğŸ Acerto (Strike).", ğŸ©¸ Sangramento e â„ï¸ Congelamento.
Capital Outskirts,Onyx Lord,Sealed Tunnel,"16,000",Onyx Lord's Greatswrord,65,"ğŸ©¸ Sangramento, â„ï¸ Congelamento.","ğŸ”· Magia, Gravidade.  ğŸ©¸ Sangramento, â„ï¸ Congelamento."
Capital Outskirts,2x Crucible Knight,Auriza Hero's Grave,"28,000",Crucible Armor Set; Ordovis's Greatsword,80,"ğŸ©¸ Sangramento, â„ï¸ Congelamento, ğŸ”· Magia.","  ğŸ™ŒğŸ» Sagrado.  ğŸ©¸ Sangramento, â„ï¸ Congelamento."
Capital Outskirts,Bell Bearing Hunter,Hermit Merchant's Shack,"20,000",Medicine Peddler's Bell Bearing,80,"ğŸ”· Magia, ğŸ©¸ Sangramento, â„ï¸ Congelamento."," ğŸ©¸ Sangramento, â„ï¸ Congelamento."
Capital Outskirts,Draconic Tree Sentinel,Blocking the way to Capital Rampart SoG,"50,000","Dragon Greatclaw, Dragonclaw Shield",80,"ğŸ©¸ Sangramento, â„ï¸ Congelamento.","âš¡ Raio (Ã³bvio), ğŸ©¸ Sangramento (moderado), â„ï¸ Congelamento (moderado)."
Capital Outskirts,Tree Sentinel Duo,On the way to Outer Wall Phantom Tree SoG,"20,000",Hero's Rune; Erdtree Greatshield,80,"ğŸ©¸ Sangramento, â„ï¸ Congelamento."," ğŸ©¸ Sangramento (moderado), â„ï¸ Congelamento (moderado)."
Capital Outskirts,Deathbird,Next to Hermit Merchant's Shack SoG,"29,000",Twinbird Kite Shield,120,"ğŸ”¥ Fogo, Dano de ğŸ Acerto (Strike).",Imune a Morte.   ğŸ™ŒğŸ» Sagrado.  ğŸ©¸ Sangramento (moderado).
Capital Outskirts,Dung Eater,"Lake North of Leyndell, Royal Capital",0,Sword of Milos,N/A,"ğŸ©¸ Sangramento, â„ï¸ Congelamento.",Morte.  ğŸ©¸ Sangramento.
Caria Manor,Royal Knight Loretta,End of Legacy Dungeon,"7,500",Loretta's Greatbow; Loretta's Slash,80,"ğŸ©¸ Sangramento, â„ï¸ Congelamento, Dano ğŸ‘ŠğŸ» FÃ­sico.","ğŸ”· Magia, ğŸ§Š Gelo."
Castle Morne,Leonine Misbegotten,After Beside the Rampart Gaol SoG,"3,800",Grafted Blade Greatsword,80,"Dano ğŸ™ŒğŸ» Sagrado, â„ï¸ Congelamento.", ğŸ©¸ Sangramento.
Castle Sol,Commander Niall,Castle Sol,"90,000",Veteran's Prosthesis,90,"ğŸ”¥ Fogo, ğŸ©¸ Sangramento, â„ï¸ Congelamento.","ğŸ§Š Gelo, ğŸ©¸ Sangramento, â„ï¸ Congelamento."
Consecrated Snowfield,Putrid Grave Warden Duelist,Consecrated Snowfield Catacombs,"78,000",2x Great Grave Glovewort; Rotten Gravekeeper Cloak,65,"ğŸ™ŒğŸ» Sagrado, ğŸ”¥ Fogo."," ğŸ©¸ Sangramento, â„ï¸ Congelamento. Imune a  ğŸ PodridÃ£o Escarlate."
Consecrated Snowfield,Sanguine Noble,Directly north from Yelough Anix Ruins,0,Furlcalling Finger Remedy; Sanguine Noble Set,65,ğŸ©¸ Sangramento., ğŸ©¸ Sangramento.
Consecrated Snowfield,Misbegotten Crusader,Cave of the Forlorn,"93,000",Golden Order Greatsword,80,"ğŸ©¸ Sangramento, â„ï¸ Congelamento.", ğŸ©¸ Sangramento.
Consecrated Snowfield,Night's Cavalry Duo,Guarding caravan near Inner Consecrated Snowfield SoG,"84,000",Night's Cavalry Set; Ancient Dragon Smithing Stone,80,"ğŸ™ŒğŸ» Sagrado, ğŸ©¸ Sangramento, â„ï¸ Congelamento.", ğŸ©¸ Sangramento e â„ï¸ Congelamento (variaÃ§Ã£o por arma).
Consecrated Snowfield,"Astel, Stars of Darkness",Yelough Anix Tunnel,"120,000",Meteorite of Astel,120,"ğŸ©¸ Sangramento, â„ï¸ Congelamento, Dano ğŸ‘ŠğŸ» FÃ­sico (ğŸ¤º Perfurante).","ğŸ”· Magia, Gravidade, ğŸ§Š Gelo. Imune a  ğŸ PodridÃ£o Escarlate, ğŸ¤¡ Loucura, ğŸ’¤ Sono, Morte."
Consecrated Snowfield,Great Wyrm Theodorix,After Cave of The Forlorn,"180,000",3x Dragon Heart,120,"â„ï¸ Congelamento, ğŸ©¸ Sangramento.","  ğŸ”¥ Fogo. Imune a Magma.  ğŸ©¸ Sangramento, â„ï¸ Congelamento."
Consecrated Snowfield,Putrid Avatar,Minor Erdtree,"160,000",Ruptured Crystal Tear; Thorny Crystal Tear,120,"ğŸ”¥ Fogo, ğŸ©¸ Sangramento, â„ï¸ Congelamento.",  ğŸ™ŒğŸ» Sagrado. Imune a  ğŸ PodridÃ£o Escarlate (ele mesmo aplica).
Consecrated Snowfield,Death Rite Bird,"At the end of frozen river, south-east of Apostate Derelict","220,000",Explosive Ghostflame,120,"Dano ğŸ‘ŠğŸ» FÃ­sico (especialmente Standard), ğŸ©¸ Sangramento.",Imune a Morte.   ğŸ™ŒğŸ» Sagrado e ğŸ”¥ Fogo.
Consecrated Snowfield,"Anastasia, Tarnished-Eater","South of Ordina, Liturgical Town SoG","19,643",Furlcalling Finger Remedy; Somber Ancient Smithing Stone,N/A,"ğŸ©¸ Sangramento, â„ï¸ Congelamento."," ğŸ©¸ Sangramento, â„ï¸ Congelamento."
Consecrated Snowfield,Stray Mimic Tear,Hidden in the Hidden Path to the Haligtree,"50,000",Blackflame Monk Amon Ashes,N/A,Fraquezas e ResistÃªncias refletem as da sua prÃ³pria build.,resistÃªncias e Fraquezas dependem da sua prÃ³pria build.
Crumbling Farum Azula,Godskin Duo,Down from Dragon Temple SoG,"170,000",Smithing-Stone Miner's Bell Bearing [4]; Ash of War: Black Flame Tornado,80,"ğŸ’¤ Sono, ğŸ©¸ Sangramento, â„ï¸ Congelamento."," ğŸ”¥ Fogo (Noble), ğŸ¤º Perfurante (Apostle).  ğŸ©¸ Sangramento, â„ï¸ Congelamento."
Crumbling Farum Azula,"Maliketh, The Black Blade",End of the legacy dungeon,"220,000",Remembrance of the Black Blade,80,"â„ï¸ Congelamento, ğŸ©¸ Sangramento, ğŸ”· Magia (leve).","ğŸ™ŒğŸ» Sagrado, ğŸ”¥ Fogo. Imune a  ğŸ PodridÃ£o Escarlate, ğŸŸ¢ Veneno, ğŸ¤¡ Loucura, ğŸ’¤ Sono, Morte."
Crumbling Farum Azula,Dragonlord Placidusax,"Beside the Great Bridge SoG, then down, down, down","280,000",Remembrance of the Dragonlord,160,"â„ï¸ Congelamento, ğŸ©¸ Sangramento.","âš¡ Raio. Imune a  ğŸ PodridÃ£o Escarlate, Morte."
Crumbling Farum Azula,Recusant Bernahl,Left on the Great Bridge,0,Blasphemous Claw; Devourer's Scepter; Beast Champion Set,N/A,"ğŸ©¸ Sangramento, â„ï¸ Congelamento."," ğŸ”¥ Fogo, ğŸ©¸ Sangramento."
Deeproot Depths,Crucible Knight Siluria,Use Spirit Spring to jump on a giant tree,"25,000",Siluria's Tree,80,"ğŸ©¸ Sangramento, â„ï¸ Congelamento, ğŸ”· Magia.","  ğŸ™ŒğŸ» Sagrado.  ğŸ©¸ Sangramento, â„ï¸ Congelamento."
Deeproot Depths,Lichdragon Fortissax,"Straight from the Across the Roots SoG, enter Fia","90,000",Remembrance of the Lichdragon,140,"ğŸ©¸ Sangramento, â„ï¸ Congelamento, ğŸ”· Magia."," ğŸ”¥ Fogo, ğŸ™ŒğŸ» Sagrado, âš¡ Raio. Imune a Morte."
Deeproot Depths,Late Boys,Straight from Across the Roots SoG,"40,000",Fia's Mist,N/A,"ğŸ©¸ Sangramento, â„ï¸ Congelamento (Termo nÃ£o oficial, reflete vulnerabilidade comum de inimigos menores).","Nenhuma resistÃªncia notÃ¡vel (nome nÃ£o oficial, pode ser um tipo de inimigo menor)."
Dragonbarrow,Bell Bearing Hunter,Isolated Merchant's Shack,"50,000",Gravity Stone Peddler's Bell Bearing,80,"ğŸ”· Magia, ğŸ©¸ Sangramento, â„ï¸ Congelamento."," ğŸ©¸ Sangramento, â„ï¸ Congelamento."
Dragonbarrow,Godskin Apostle,Divine Tower of Caelid,"94,000",Godskin Apostle Set; Godslayer's Greatsword,80,"ğŸ’¤ Sono, ğŸ©¸ Sangramento, â„ï¸ Congelamento."," ğŸ”¥ Fogo (Fase 2) e âš”ï¸ Corte (Slash).  ğŸ©¸ Sangramento, â„ï¸ Congelamento."
Dragonbarrow,Night's Cavalry,Next to Lenne's Rise SoG,"42,000",Bloodhound's Step,80,"ğŸ™ŒğŸ» Sagrado, ğŸ©¸ Sangramento, â„ï¸ Congelamento.", ğŸ©¸ Sangramento e â„ï¸ Congelamento (variaÃ§Ã£o por arma).
Dragonbarrow,Black Blade Kindred (Bestial Sanctum),Bestial Sanctum,"88,000",Gargoyle's Blackblade; Gargoyle's Black Halberd,120,"â„ï¸ Congelamento, ğŸ©¸ Sangramento, ğŸ”¥ Fogo (leve).","ğŸ™ŒğŸ» Sagrado, ğŸ”¥ Fogo. Imune a Morte."
Dragonbarrow,Flying Dragon Greyll,Next to Farum Greatbridge SoG,"80,000",Dragon Heart,120,"ğŸ©¸ Sangramento, â„ï¸ Congelamento.", ğŸ”¥ Fogo.  ğŸ©¸ Sangramento.
Dragonbarrow,Putrid Avatar,Minor Erdtree East,"91,000",Opaline Hardtear; Stonebard Cracked Tear,120,"ğŸ”¥ Fogo, ğŸ©¸ Sangramento, â„ï¸ Congelamento.",  ğŸ™ŒğŸ» Sagrado. Imune a  ğŸ PodridÃ£o Escarlate (ele mesmo aplica).
Dragonbarrow,2x Beastman of Farum Azula,Dragonbarrow Cave,"65,000",Flamedrake Talisman +2,65/30,"ğŸ”¥ Fogo, Dano ğŸ™ŒğŸ» Sagrado, âš¡ Raio.",Imune a â„ï¸ Congelamento.  ğŸ©¸ Sangramento (moderado).
Dragonbarrow,Elder Dragon Greyol,In front of Fort Faroth,"70,820",5x Dragon Heart,N/A,NÃ£o Ã© um chefe de combate; foco em dano massivo para o ğŸ©¸ Sangramento da cabeÃ§a.,"Todas as resistÃªncias a dano sÃ£o extremas, mas nÃ£o Ã© um chefe de combate."
"Elphael, Brace of the Haligtree","Loretta, Knight of the Haligtree",Down the elevator from Haligtree Town SoG,"200,000",Loretta's Mastery; Loretta's War Sickle,80,"ğŸ©¸ Sangramento, â„ï¸ Congelamento, Dano ğŸ‘ŠğŸ» FÃ­sico.","ğŸ”· Magia, ğŸ§Š Gelo."
"Elphael, Brace of the Haligtree","Malenia, Blade of Miquella",End of the legacy dungeon,"480,000",Malenia's Great Rune; Remembrance of the Rot Goddess,80,"ğŸ©¸ Sangramento, â„ï¸ Congelamento.","ğŸ™ŒğŸ» Sagrado, ğŸ”¥ Fogo. Imune a  ğŸ PodridÃ£o Escarlate, ğŸŸ¢ Veneno, ğŸ¤¡ Loucura, ğŸ’¤ Sono."
Forbidden Lands,Night's Cavalry (Forbidden Lands),On the Road,"36,000",Ash of War: Phantom Slash,80,"ğŸ™ŒğŸ» Sagrado, ğŸ©¸ Sangramento, â„ï¸ Congelamento.", ğŸ©¸ Sangramento e â„ï¸ Congelamento (variaÃ§Ã£o por arma).
Forbidden Lands,Black Blade Kindred (Forbidden Lands),Guarding Grand Lift of Rold,"60,000",Gargoyle's Black Axe; Gargoyle's Black Blades,120,"â„ï¸ Congelamento, ğŸ©¸ Sangramento.","ğŸ™ŒğŸ» Sagrado, ğŸ”¥ Fogo. Imune a Morte."
Lake of Rot,"Astel, Naturalborn of the Void",Rest in the coffin,"80,000",Remembrance of the Naturalborn,120,"ğŸ©¸ Sangramento, â„ï¸ Congelamento, Dano ğŸ‘ŠğŸ» FÃ­sico (ğŸ¤º Perfurante).","ğŸ”· Magia, Gravidade, ğŸ§Š Gelo. Imune a  ğŸ PodridÃ£o Escarlate, ğŸ¤¡ Loucura, ğŸ’¤ Sono, Morte."
Lake of Rot,Dragonkin Soldier,In the middle-east of Lake of Rot,"58,000",Dragonscale Blade,120,"Dano de ğŸ¤º PerfuraÃ§Ã£o (Pierce), ğŸ”¥ Fogo, ğŸ©¸ Sangramento.","âš¡ Raio (moderado), â„ï¸ Congelamento."
Lake of Rot,Baleful Shadow,"Can't miss it, but it's a part of Ranni's questline","8,561",Behold Nothing,N/A,"ğŸ©¸ Sangramento, â„ï¸ Congelamento.",Imune a Morte.  ğŸ©¸ Sangramento.
"Leyndell, Royal Capital",2x Fell Twin,Guarding Divine Tower of East Altus: Gate SoG,"29,000",Omenkiller Rollo,65,"ğŸ©¸ Sangramento, â„ï¸ Congelamento."," ğŸ©¸ Sangramento, â„ï¸ Congelamento."
"Leyndell, Royal Capital","Morgott, the Omen King",Next to Queen's Bedchamber SoG,"120,000",Remembrance of the Omen King; Morgott's Great Rune,80,"ğŸ©¸ Sangramento, â„ï¸ Congelamento, Dano ğŸ‘ŠğŸ» FÃ­sico.","ğŸ™ŒğŸ» Sagrado (Fase 2). Imune a  ğŸ PodridÃ£o Escarlate, ğŸŸ¢ Veneno, ğŸ’¤ Sono, ğŸ¤¡ Loucura."
"Leyndell, Royal Capital","Mohg, the Omen","Deepest level of the sewers, down the elevator","100,000",Bloodflame Talons,110,"ğŸ©¸ Sangramento, â„ï¸ Congelamento."," ğŸ”¥ Fogo, ğŸ™ŒğŸ» Sagrado. Imune a Morte."
"Leyndell, Royal Capital",Erdtree Avatar,Before Avenue Balcony SoG,"10,062",Lord's Rune,120,"ğŸ”¥ Fogo, ğŸ©¸ Sangramento, â„ï¸ Congelamento.","  ğŸ™ŒğŸ» Sagrado.  ğŸ©¸ Sangramento, â„ï¸ Congelamento."
"Leyndell, Royal Capital","Godfrey, First Elden Lord (Golden Shade)",Next to Erdtree Sanctuary SoG,"80,000",Talisman Pouch,120,"â„ï¸ Congelamento, ğŸ©¸ Sangramento.","â„ï¸ Congelamento, ğŸ©¸ Sangramento."
"Leyndell, Royal Capital",Esgar. Priest of Blood,Leyndell Catacombs,"22,500",Lord of Blood Exultation,N/A,"ğŸ©¸ Sangramento, â„ï¸ Congelamento.", ğŸ©¸ Sangramento.
"Leyndell, Royal Capital","Vargram, the Raging Wolf",Volcano Manor Marker,0,Raging Wolf Set,N/A,"ğŸ©¸ Sangramento, â„ï¸ Congelamento."," ğŸ©¸ Sangramento, â„ï¸ Congelamento."
Limgrave,Soldier of Godrick,Stranded Graveyard,400,Behold nothing,15,Nenhuma fraqueza notÃ¡vel (tutorial).,"Nenhuma resistÃªncia notÃ¡vel, serve como tutorial."
Limgrave,Stonedigger Troll,Limgrave Tunnels,"1,800",Roar Medallion,45,"Dano ğŸ™ŒğŸ» Sagrado, â„ï¸ Congelamento.", ğŸ‘ŠğŸ» Dano FÃ­sico (especialmente Acerto/Strike).  ğŸ©¸ Sangramento.
Limgrave,2x Demi-Human Chief,Coastal Cave,"1,200",Tailoring Tools; Sewing Needle,65,ğŸ”¥ Fogo., ğŸ©¸ Sangramento e â„ï¸ Congelamento.
Limgrave,Beastman of Farum Azula,Groveside Cave,"1,000",Flamedrake Talisman,65,"ğŸ”¥ Fogo, Dano ğŸ™ŒğŸ» Sagrado, âš¡ Raio.",Imune a â„ï¸ Congelamento.  ğŸ©¸ Sangramento (moderado).
Limgrave,Bloodhound Knight Darriwil,Forlorn Hound Evergaol,"1,900",Bloodhound's Fang,65,"ğŸ”· Magia, Dano de ğŸ Acerto (Strike).", ğŸ©¸ Sangramento e â„ï¸ Congelamento (pode ser superado).
Limgrave,Grave Warden Duelist,Murkwater Catacombs,"1,700",Banished Knight Engvall,65,"ğŸ™ŒğŸ» Sagrado, ğŸ Acerto (Strike).", ğŸ©¸ Sangramento e â„ï¸ Congelamento.
Limgrave,Mad Pumpking Head,Waypoint Ruins,"1,100",Behold nothing,65,"ğŸ¤º PerfuraÃ§Ã£o (Pierce), ğŸ©¸ Sangramento (no corpo, nÃ£o no elmo).", ğŸ‘ŠğŸ» Dano FÃ­sico (especialmente em seu elmo).  ğŸ©¸ Sangramento.
Limgrave,Bell Bearing Hunter,Warmaster's Shack,"2,700",Bone Peddler'S Bell Bearing,80,"ğŸ”· Magia, ğŸ©¸ Sangramento, â„ï¸ Congelamento."," ğŸ©¸ Sangramento, â„ï¸ Congelamento."
Limgrave,Black Knife Assassin,Deathtouched Catacombs,"1,600",Assassin's Crimson Dagger,80,"ğŸ©¸ Sangramento, â„ï¸ Congelamento.",Imune a Morte (Death Blight).  ğŸ©¸ Sangramento.
Limgrave,Crucible Knight,Stormhill Evergaol,"2,100",Aspects of the Crucible: Tail,80,"ğŸ©¸ Sangramento, â„ï¸ Congelamento, ğŸ”· Magia.","  ğŸ™ŒğŸ» Sagrado (especialmente sua armadura).  ğŸ©¸ Sangramento, â„ï¸ Congelamento."
Limgrave,Erdtree Burial Watchdog,Stormfoot Catacombs,"1,300",Noble Sorcerer Ashes,80,"ğŸ Acerto (Strike), ğŸ”¥ Fogo, Dano ğŸ™ŒğŸ» Sagrado (menos do que esperaria).","  ğŸ¤º PerfuraÃ§Ã£o (Thrust).  ğŸ©¸ Sangramento, â„ï¸ Congelamento."
Limgrave,Grafted Scion,Chapel of Anticipation,"3,200",Ornamental Straight Sword; Golden Beast Crest Shield ,80,"ğŸ©¸ Sangramento, â„ï¸ Congelamento.", ğŸ©¸ Sangramento.
Limgrave,Night's Cavalry,Bridge Next to the Agheel Lake North SoG,"2,400",Ash of War: Repeating Thrust,80,"ğŸ™ŒğŸ» Sagrado, ğŸ©¸ Sangramento, â„ï¸ Congelamento.", ğŸ©¸ Sangramento e â„ï¸ Congelamento (variaÃ§Ã£o por arma).
Limgrave,Tibia Mariner,Summonwater Village,"2,400","Deathroot, Skeletal Militiaman Ashes",80,"ğŸ”¥ Fogo, Dano ğŸ‘ŠğŸ» FÃ­sico.", ğŸ©¸ Sangramento.
Limgrave,Tree Sentinel,Close to First Steps SoG,"3,200",Golden Halberd,80,"ğŸ©¸ Sangramento, â„ï¸ Congelamento."," ğŸ©¸ Sangramento (moderado), â„ï¸ Congelamento (moderado)."
Limgrave,Deathbird,Close to Warmaster's Shack SoG,"2,800",Blue-Feathered Branchsword,120,"ğŸ”¥ Fogo, Dano de ğŸ Acerto (Strike).",Imune a Morte.   ğŸ™ŒğŸ» Sagrado.  ğŸ©¸ Sangramento (moderado).
Limgrave,Flying Dragon Agheel,Agheel Lake,"5,000",Dragon Heart,120,"ğŸ©¸ Sangramento, â„ï¸ Congelamento."," ğŸ”¥ Fogo (Ã³bvio, por ser um dragÃ£o de ğŸ”¥ Fogo).  ğŸ©¸ Sangramento."
Limgrave,Guardian Golem,Highroad Cave,"1,700",Blue Dancer Charm,120,ğŸ Acerto (Strike)., ğŸ‘ŠğŸ» Dano FÃ­sico (especialmente Acerto/Strike).  ğŸ©¸ Sangramento.
Limgrave,Ulcerated Tree Spirit,Fringefolk Hero's Grave,"15,000",Golden Seed; Banished Knight Oleg Ashes,120,"ğŸ™ŒğŸ» Sagrado, ğŸ©¸ Sangramento, â„ï¸ Congelamento.", ğŸ”¥ Fogo. Imune a Morte.
Limgrave,"Anastasia, Tarnished-Eater",Smoldering Church,0,Furlcalling Finger Remedy; Sacred Scorpion Charm,N/A,"ğŸ©¸ Sangramento, â„ï¸ Congelamento."," ğŸ©¸ Sangramento, â„ï¸ Congelamento."
Limgrave,Bloody Finger Nerijus,In front of Murkwater Cave,"1,294",Furlcalling Finger Remedy; Reduvia,N/A,"ğŸ©¸ Sangramento, â„ï¸ Congelamento.", ğŸ©¸ Sangramento.
Limgrave,Old Knight Istvan,Volcano Mannor Marker,1828,Rune Arc; Furlcaling Finger Remedy; Scaled Set,N/A,"ğŸ©¸ Sangramento, â„ï¸ Congelamento.", ğŸ©¸ Sangramento.
Limgrave,Patches,Murkwater Cave,0,Leather Set; Spear +7; Patche's Bell Bearing,N/A,NÃ£o combate (se rende).,"NÃ£o Ã© um chefe de combate tradicional; quando confrontado, ele se rende. NÃ£o possui resistÃªncias de boss."
Limgrave,Recusant Henricus,In front of Colloseum,338,Hammer Talisman,N/A,"ğŸ©¸ Sangramento, â„ï¸ Congelamento.", ğŸ©¸ Sangramento.
Liurnia of the Lakes,Bloodhound Knight,Lakeside Crystal Cave,"2,700",Cerulean Amber Medallion,65,"ğŸ”· Magia, Dano de ğŸ Acerto (Strike).", ğŸ©¸ Sangramento e â„ï¸ Congelamento (pode ser superado).
Liurnia of the Lakes,"Bols, Carian Knight",Cuckoo's Evergaol,"4,600",Greatblade Phalanx,65,"Dano ğŸ‘ŠğŸ» FÃ­sico, ğŸ©¸ Sangramento, â„ï¸ Congelamento.",ğŸ”· Magia.
Liurnia of the Lakes,Clearnot Knight,Stillwater Cave,"2,475",Winged Sword Insignia,65,"ğŸ©¸ Sangramento, â„ï¸ Congelamento, ğŸ¤º PerfuraÃ§Ã£o (Pierce)."," ğŸ PodridÃ£o Escarlate (imune a ser aplicado por ele).  ğŸ©¸ Sangramento, â„ï¸ Congelamento."
Liurnia of the Lakes,Onyx Lord,Royal Grave Evergaol,"3,600",Meteorite,65,"ğŸ©¸ Sangramento, â„ï¸ Congelamento.","ğŸ”· Magia, Gravidade.  ğŸ©¸ Sangramento, â„ï¸ Congelamento."
Liurnia of the Lakes,2x Crystalian (Staff and Spear),Academy Crystal Cave,"3,300",Crystal Release,70,ğŸ Acerto (Strike) (altamente vulnerÃ¡vel)., âš”ï¸ Corte (Slash) e  ğŸ¤º PerfuraÃ§Ã£o (Pierce). Fraco a Acerto (Strike).
Liurnia of the Lakes,Cemetery Shade,Black Knife Catacombs,"3,500",Twinsage Sorcerer Ashes,70,"Dano ğŸ™ŒğŸ» Sagrado, ğŸ”¥ Fogo.","â„ï¸ Congelamento, ğŸ©¸ Sangramento."
Liurnia of the Lakes,Crystalian (Ringblade),Raya Lucaria Crystal Tunnel,"3,000",Smithing-Stone Bell Bearing (1),70,ğŸ Acerto (Strike) (altamente vulnerÃ¡vel)., âš”ï¸ Corte (Slash) e ğŸ¤º PerfuraÃ§Ã£o (Pierce). Fraco a Acerto (Strike).
Liurnia of the Lakes,Royal Revenant,Kingsrealm Ruins,"3,100",Frozen Needle,70,"Dano ğŸ™ŒğŸ» Sagrado, ğŸ’Š Cura (altamente vulnerÃ¡vel).", ğŸ”· Magia. Fraco a Dano ğŸ™ŒğŸ» Sagrado e Cura.
Liurnia of the Lakes,Omenkiller,Village of the Albinaurics,"4,900",Crucible Knot Talisman,75,"ğŸ©¸ Sangramento, â„ï¸ Congelamento."," ğŸ”¥ Fogo, ğŸ©¸ Sangramento."
Liurnia of the Lakes,Bell Bearing Hunter,Church of Vows,"6,000",Meat Peddler's Bell Bearing,80,"ğŸ”· Magia, ğŸ©¸ Sangramento, â„ï¸ Congelamento."," ğŸ©¸ Sangramento, â„ï¸ Congelamento."
Liurnia of the Lakes,Black Knife Assassin,Black Knife Catacombs (hidden),"1,600",Black Knifeprint,80,"ğŸ©¸ Sangramento, â„ï¸ Congelamento.",Imune a Morte (Death Blight).  ğŸ©¸ Sangramento.
Liurnia of the Lakes,Erdtree Burial Watchdog,Cliffbottom Catacombs,"2,700",Kaiden Sellsword Ashes,80,"ğŸ Acerto (Strike), ğŸ”¥ Fogo, Dano ğŸ™ŒğŸ» Sagrado (menos do que esperaria).","  ğŸ¤º PerfuraÃ§Ã£o (Thrust).  ğŸ©¸ Sangramento, â„ï¸ Congelamento."
Liurnia of the Lakes,Godskin Noble,After Carian Study Hall,"4,810",Godskin Noble Set,80,"ğŸ’¤ Sono, ğŸ©¸ Sangramento, â„ï¸ Congelamento."," ğŸ”¥ Fogo (Fase 2) e âš”ï¸ Corte (Slash).  ğŸ©¸ Sangramento, â„ï¸ Congelamento."
Liurnia of the Lakes,Night's Cavalry (North),Next to East Raya Lucaria Gate SoG,"5,600",Nightrider Glaive; Ash of War: Giant Hunt,80,"ğŸ™ŒğŸ» Sagrado, ğŸ©¸ Sangramento, â„ï¸ Congelamento.", ğŸ©¸ Sangramento e â„ï¸ Congelamento (variaÃ§Ã£o por arma).
Liurnia of the Lakes,Night's Cavalry (South),Gate Town Bridge,"5,600",Ash of War: Ice Spear,80,"ğŸ™ŒğŸ» Sagrado, ğŸ©¸ Sangramento, â„ï¸ Congelamento.", ğŸ©¸ Sangramento e â„ï¸ Congelamento (variaÃ§Ã£o por arma).
Liurnia of the Lakes,Tibia Mariner,Between Liurnia Highway North and Artist's Shack SoG,"4,700",Deathroot; Skeletal Bandit Ashes,80,"ğŸ”¥ Fogo, Dano ğŸ‘ŠğŸ» FÃ­sico.", ğŸ©¸ Sangramento.
Liurnia of the Lakes,Death Rite Bird,Next to Gate Town North SoG,"7,800",Ancient Death Ancor,120,"Dano ğŸ‘ŠğŸ» FÃ­sico (especialmente Standard), ğŸ©¸ Sangramento.",Imune a Morte.   ğŸ™ŒğŸ» Sagrado e ğŸ”¥ Fogo.
Liurnia of the Lakes,Deathbird,Scenic Isle,"6,600",Red Feathered Branch,120,"ğŸ”¥ Fogo, Dano de ğŸ Acerto (Strike).",Imune a Morte.   ğŸ™ŒğŸ» Sagrado.  ğŸ©¸ Sangramento (moderado).
Liurnia of the Lakes,Erdtree Avatar (Northeast),Minor Erdtree North,"5,800",Holy-Shrouding Cracked Tear; Lightning-Shrouding Cracked Tear; Magic-Shrouding Cracked Tear ,120,"ğŸ”¥ Fogo, ğŸ©¸ Sangramento, â„ï¸ Congelamento.","  ğŸ™ŒğŸ» Sagrado.  ğŸ©¸ Sangramento, â„ï¸ Congelamento."
Liurnia of the Lakes,Erdtree Avatar (Southwest),Minor Erdtree South,"5,800",Cerulean Crystal Tear; Ruptured Crystal Tear,120,"ğŸ”¥ Fogo, ğŸ©¸ Sangramento, â„ï¸ Congelamento.","  ğŸ™ŒğŸ» Sagrado.  ğŸ©¸ Sangramento, â„ï¸ Congelamento."
Liurnia of the Lakes,Glintstone Dragon Adula (1st location),In front of Ranni's Rise,0,Behold nothing,120,"ğŸ©¸ Sangramento, â„ï¸ Congelamento.","ğŸ”· Magia, ğŸ§Š Gelo.  ğŸ©¸ Sangramento, â„ï¸ Congelamento."
Liurnia of the Lakes,Glintstone Dragon Smarag,Next to Crystaline Woods SoG,"14,000",Dragon Heart,120,"ğŸ©¸ Sangramento, â„ï¸ Congelamento.","ğŸ”· Magia, ğŸ§Š Gelo.  ğŸ©¸ Sangramento, â„ï¸ Congelamento."
Liurnia of the Lakes,Magma Wyrm Makar,Ruin-Strewn Precipice,"24,000",Magma Wyrm's Scalesword; Dragon Heart,120,"â„ï¸ Congelamento, ğŸ©¸ Sangramento.","  ğŸ”¥ Fogo. Imune a Magma.  ğŸ©¸ Sangramento, â„ï¸ Congelamento."
Liurnia of the Lakes,"Adan, Thief of Fire",Malefactor's Evergaol,"3,800",Flame of the Fell God,N/A,"â„ï¸ Congelamento, ğŸ©¸ Sangramento."," ğŸ”¥ Fogo (Ã³bvio).  ğŸ©¸ Sangramento, â„ï¸ Congelamento."
Liurnia of the Lakes,Bloody Finger Ravenmount Assasin,Next to Raya Lucaria Main Gate SoG,0,Rune Arc; Furlcaling Finger Remedy; Ash of War: Raptor of the Mists,N/A,"ğŸ©¸ Sangramento, â„ï¸ Congelamento.", ğŸ©¸ Sangramento.
Liurnia of the Lakes,Edgar the Revenger,Revenger's Shack,316,Shabriri Grape; Banished Knight's Halberd +8; 5x Raw Meat Dumpling,N/A,"ğŸ©¸ Sangramento, â„ï¸ Congelamento.", ğŸ©¸ Sangramento.
Liurnia of the Lakes,Festering Fingerprint Vyke,Church of Inhibition,0,Vyke's War Spear,N/A,"ğŸ©¸ Sangramento, â„ï¸ Congelamento.","ğŸ¤¡ Loucura.  ğŸ©¸ Sangramento, â„ï¸ Congelamento."
Liurnia of the Lakes,Great Horned Tragoth,Volcano Mannor Marker,158,Bull-Goat Set,N/A,"ğŸ©¸ Sangramento, â„ï¸ Congelamento."," ğŸ”¥ Fogo, ğŸ©¸ Sangramento, â„ï¸ Congelamento."
Liurnia of the Lakes,Preceptor Miriam,Carian Study Hall,"5,000",Magic Downpour/Lucidity,N/A,"Dano ğŸ‘ŠğŸ» FÃ­sico, ğŸ©¸ Sangramento, â„ï¸ Congelamento.",ğŸ”· Magia.
Liurnia of the Lakes,Spirit Caller Snail,Road's End Catacombs,"2,250",Glintstone Sorcerer Ashes,N/A,"Qualquer dano direto (foco no corpo, nÃ£o nas invocaÃ§Ãµes).", todos os tipos de dano. Foque em destruir as cÃ³pias ou o caracol.
Mohgwyn Dynasty Mausoleum,"Mohg, Lord of Blood",End of legacy dungeon,"420,000",Mohg's Great Rune; Remembrance of the Blood Lord,110,"ğŸ©¸ Sangramento, â„ï¸ Congelamento."," ğŸ”¥ Fogo, ğŸ™ŒğŸ» Sagrado. Imune a Morte."
Mohgwyn Dynasty Mausoleum,3x Nameless White Mask,Scattered around left edge in the part with doggies,0,"3x Furlcalling Finger Remedy, War Surgeon Set",N/A,"ğŸ©¸ Sangramento, â„ï¸ Congelamento.", ğŸ©¸ Sangramento.
Moonlight Altar,"Alecto, Black Knife Ringleader",Ringleader's Evergaol,"88,000",Black Knife Tiche,80,"ğŸ©¸ Sangramento, â„ï¸ Congelamento.",Imune a Morte.  ğŸ©¸ Sangramento.
Moonlight Altar,Glintstone Dragon Adula (1st location) (2nd location),Cathedral of Manus Celes,"120,000",3x Dragon Heart; Adula's Moonblade,120,"ğŸ©¸ Sangramento, â„ï¸ Congelamento.","ğŸ”· Magia, ğŸ§Š Gelo.  ğŸ©¸ Sangramento, â„ï¸ Congelamento."
Mount Gelmir,2x Kindred of Rot,Seethwater Cave,"10,000",2x Kindred of Rot's Exulation,30,"ğŸ”¥ Fogo, ğŸ©¸ Sangramento, â„ï¸ Congelamento.","  ğŸ PodridÃ£o Escarlate, ğŸ©¸ Sangramento, â„ï¸ Congelamento."
Mount Gelmir,Stonedigger Troll,Old Altus Tunnel,"9,600",Great Club,45,"Dano ğŸ™ŒğŸ» Sagrado, â„ï¸ Congelamento.", ğŸ‘ŠğŸ» Dano FÃ­sico (especialmente Acerto/Strike).  ğŸ©¸ Sangramento.
Mount Gelmir,Black Knife Assassin (Sage's Cave),Sage's Cave,"9,000",Concealing Veil,80,"ğŸ©¸ Sangramento, â„ï¸ Congelamento.",Imune a Morte (Death Blight).  ğŸ©¸ Sangramento.
Mount Gelmir,Demi-Human Queen Gilika,Lux Ruins,"8,500",Ritual Sword Talisman,80,ğŸ”¥ Fogo.," ğŸ©¸ Sangramento, â„ï¸ Congelamento."
Mount Gelmir,Demi-Human Queen Maggie,Behind Hermit Village,"13,000",Memory Stone; Golden Rune (1),80,ğŸ”¥ Fogo.," ğŸ©¸ Sangramento, â„ï¸ Congelamento."
Mount Gelmir,Demi-Human Queen Margot,Volcano Cave,"11,000",Jar Cannon,80,ğŸ”¥ Fogo.," ğŸ©¸ Sangramento, â„ï¸ Congelamento."
Mount Gelmir,Erdtree Burial Watchdog,Wyndham Catacombs,"12,000",Glowerwort Picker's Bell Bearing (1),80,"ğŸ Acerto (Strike), ğŸ”¥ Fogo, Dano ğŸ™ŒğŸ» Sagrado (menos do que esperaria).","  ğŸ¤º PerfuraÃ§Ã£o (Thrust).  ğŸ©¸ Sangramento, â„ï¸ Congelamento."
Mount Gelmir,Tibia Mariner,Wyndham Ruins,"14,000",Deathroot; Tibia's Summons,80,"ğŸ”¥ Fogo, Dano ğŸ‘ŠğŸ» FÃ­sico.", ğŸ©¸ Sangramento.
Mount Gelmir,Full-Grown Fallingstar Beast,Next to Ninth Mt. Gelmir Campsite SoG,"21,000",Fallingstar Beast Jaw; 5x Smithing Stone (6); Somber Smithing Stone (6),100,"Dano de ğŸ¤º PerfuraÃ§Ã£o (Pierce), ğŸ©¸ Sangramento, â„ï¸ Congelamento."," ğŸ”· Magia e Gravidade.  ğŸ©¸ Sangramento, â„ï¸ Congelamento."
Mount Gelmir,Magma Wyrm,Behind Fort Laiedd,"19,000",Dragon Heart,120,"â„ï¸ Congelamento, ğŸ©¸ Sangramento.","  ğŸ”¥ Fogo. Imune a Magma.  ğŸ©¸ Sangramento, â„ï¸ Congelamento."
Mount Gelmir,Red Wolf of the Champion,Gelmir Hero's Grave,"21,000",Bloodhound Knight Floh,120,"ğŸ”¥ Fogo, ğŸ©¸ Sangramento, â„ï¸ Congelamento.",ğŸ”· Magia.
Mount Gelmir,Ulcerated Tree Spirit,Minor Erdtree,"18,000",Leaden Hardtear; Cerulean Hidden Tear,120,"ğŸ™ŒğŸ» Sagrado, ğŸ©¸ Sangramento, â„ï¸ Congelamento.", ğŸ”¥ Fogo. Imune a Morte.
Mount Gelmir,Perfumer Tricia and Misbegotten Warrior,Unsightly Catacombs,"9,400",Perfumer Tricia,65/80,"Perfumer Tricia: ğŸ©¸ Sangramento, â„ï¸ Congelamento. Misbegotten: ğŸ©¸ Sangramento.",Perfumer Tricia:  ğŸ”¥ Fogo. Misbegotten:  ğŸ©¸ Sangramento.
Mount Gelmir,"Anastasia, Tarnished-Eater",Corpse-Stench Shack,"1,459",Butchering Knife,N/A,"ğŸ©¸ Sangramento, â„ï¸ Congelamento."," ğŸ©¸ Sangramento, â„ï¸ Congelamento."
Mount Gelmir,Necromancer Garris,Sage's Cave,"9,000",Familly Heads,N/A,"ğŸ©¸ Sangramento, â„ï¸ Congelamento.",Morte.  ğŸ©¸ Sangramento.
Mountaintop of Giants,Ancient Hero of Zamor,Giant-Conquering Hero's Grave,"83,000",Zamor Curved Sword; Zamor Set,80,"ğŸ”¥ Fogo, âš¡ Raio.","â„ï¸ Congelamento (moderado), ğŸ©¸ Sangramento. Imune a â„ï¸ Congelamento (pode ter fases/exceÃ§Ãµes)."
Mountaintop of Giants,Spritcaller Snail,Spiritcaller Cave,"70,000",Black Flame Ritual; Godskin Swaddling Cloth,80,"Qualquer dano direto (foco no corpo, nÃ£o nas invocaÃ§Ãµes).", todos os tipos de dano. Foque em destruir as cÃ³pias ou o caracol.
Mountaintop of Giants,Tibia Mariner,On a ledge above Castle Sol,"4,234",Helphen's Steeple; Deathroot,80,"ğŸ”¥ Fogo, Dano ğŸ‘ŠğŸ» FÃ­sico.", ğŸ©¸ Sangramento.
Mountaintop of Giants,Death Rite Bird,Next to Shack of the Lofty,"77,000",Death Ritual Spear,120,"Dano ğŸ‘ŠğŸ» FÃ­sico (especialmente Standard), ğŸ©¸ Sangramento.",Imune a Morte.   ğŸ™ŒğŸ» Sagrado e ğŸ”¥ Fogo.
Mountaintop of Giants,"Borealis, the Freezing Fog",Centre of the frozen lake,"100,000",Dragon Heart,120,"ğŸ”¥ Fogo, ğŸ©¸ Sangramento.",ğŸ§Š Gelo (Ã³bvio). â„ï¸ Congelamento.
Mountaintop of Giants,Fire Giant,Guarding the forge,"180,000",Remembrance of the Fire Giant,120,"ğŸ©¸ Sangramento, â„ï¸ Congelamento, ğŸ¤º PerfuraÃ§Ã£o (Pierce)."," ğŸ”¥ Fogo. Imune a  ğŸ PodridÃ£o Escarlate, ğŸ’¤ Sono, ğŸ¤¡ Loucura, Morte."
Mountaintop of Giants,Putrid Avatar,Minor Erdtree,"70,000",Cerulean Crystal Tear; Crimson Bubbletear,120,"ğŸ”¥ Fogo, ğŸ©¸ Sangramento, â„ï¸ Congelamento.",  ğŸ™ŒğŸ» Sagrado. Imune a  ğŸ PodridÃ£o Escarlate (ele mesmo aplica).
Mountaintop of Giants,Ulcerated Tree Spirit,Giants Mountaintop Catacombs,"48,000",Glovewort Picker's Bell Bearing [2]; Golden Seed,120,"ğŸ™ŒğŸ» Sagrado, ğŸ©¸ Sangramento, â„ï¸ Congelamento.", ğŸ”¥ Fogo. Imune a Morte.
Mountaintop of Giants,Bloody Finger Okina,Church of Repose,734,Rivers of Blood; Okina Mask; Furlcalling Finger Remedy,N/A,"ğŸ©¸ Sangramento, â„ï¸ Congelamento."," ğŸ”¥ Fogo, ğŸ©¸ Sangramento, â„ï¸ Congelamento."
Mountaintop of Giants,Chief Guardian Arganthy,Guardian's Garrison,"5,040",One-Eyed Shield,N/A,"ğŸ©¸ Sangramento, â„ï¸ Congelamento."," ğŸ”¥ Fogo, ğŸ©¸ Sangramento, â„ï¸ Congelamento."
Mountaintop of Giants,Juno Hoslow; Knight of Blood,Volcano Mannor Marker,2974,Rune Arc; Furlcalling Finger Remedy; Hoslow's Set; Hoslow's Petal Whip,N/A,"ğŸ©¸ Sangramento, â„ï¸ Congelamento.", ğŸ©¸ Sangramento.
Mountaintop of Giants,"Vyke, Knight of the Roundtable",Lord Contender's Evergaol,"75,000",Fingerprint Set; Vyke's Dragonbolt,N/A,"ğŸ©¸ Sangramento, â„ï¸ Congelamento.","ğŸ¤¡ Loucura (ele mesmo aplica).  ğŸ©¸ Sangramento, â„ï¸ Congelamento."
Nokstella and Uhl Palace,Dragonkin Soldier of Nokstella,Turn right from Ainsel River Downstream SoG,"12,000",Frozen Lightning Spear,120,"Dano de ğŸ¤º PerfuraÃ§Ã£o (Pierce), ğŸ”¥ Fogo, ğŸ©¸ Sangramento.","âš¡ Raio (moderado), â„ï¸ Congelamento."
Raya Lucaria Academy,"Rennala, Queen of the Full Moon",Grand Library of Raya Lucaria,"40,000",Remembrance of the Full Moon; Great Rune of the Unborn,0,"Dano ğŸ‘ŠğŸ» FÃ­sico (Fase 1), ğŸ©¸ Sangramento (Fase 1).","ğŸ”· Magia (Fase 2), â„ï¸ Congelamento. Imune a  ğŸ PodridÃ£o Escarlate, ğŸŸ¢ Veneno, ğŸ¤¡ Loucura, ğŸ’¤ Sono, Morte."
Raya Lucaria Academy,Red Wolf of Radagon,Debate Hall,"14,000",Memory Stone,120,"ğŸ”¥ Fogo, ğŸ©¸ Sangramento, â„ï¸ Congelamento.",ğŸ”· Magia.
Raya Lucaria Academy,"Moongrum, Carian Knight",Before the lift to Raya Lucaria Grand Library,"3,000",Carian Knight's Shield,N/A,"Dano ğŸ‘ŠğŸ» FÃ­sico, ğŸ©¸ Sangramento, â„ï¸ Congelamento.",ğŸ”· Magia (ele Ã© um Carian Knight). â„ï¸ Congelamento.
Redmane Castle,Starscourge Radahn,Wailing Dunes behind the Castle,"70,000",Remembrance of the Starscourge; Radahn's Great Rune,200,"ğŸ PodridÃ£o Escarlate, ğŸ©¸ Sangramento, â„ï¸ Congelamento.","ğŸ™ŒğŸ» Sagrado (leve). Imune a ğŸ’¤ Sono, ğŸ¤¡ Loucura, Morte."
Shaded Castle,Elemer of the Briar,End of the Shaded Castle legacy dungeon,"24,000",Marai's Executioner Sword; Briar Greatshield,80,"ğŸ”· Magia, ğŸ©¸ Sangramento, â„ï¸ Congelamento.", ğŸ™ŒğŸ» Sagrado.  ğŸ©¸ Sangramento.
Shaded Castle,"Maleigh Marais, Shaded Castle Castelan",Left of the Shaded Castle,"4,800",Antspur Rapier; Marais Robe; Marais Mask,N/A,"ğŸ”¥ Fogo, ğŸ©¸ Sangramento, â„ï¸ Congelamento.","ğŸŸ¢ Veneno,  ğŸ PodridÃ£o Escarlate (ele mesmo aplica).  ğŸ©¸ Sangramento, â„ï¸ Congelamento."
Siofra and Nokron,Valiant Gargoyle Duo,Continus from Aqueduct-Facing Cliffs SoG,"30,000",Gargoyle's Greatsword; Gargoyle's Twinblade,110,"ğŸ©¸ Sangramento, â„ï¸ Congelamento (moderado)."," ğŸ©¸ Sangramento, â„ï¸ Congelamento (moderado)."
Siofra and Nokron,Ancestor Spirit,Deer corpse after lighting all the pillars,"13,000",Ancestral Follower Ashes,120,"ğŸ”¥ Fogo, ğŸ©¸ Sangramento, â„ï¸ Congelamento.","ğŸ”· Magia, ğŸ§Š Gelo. Imune a Morte."
Siofra and Nokron,Dragonkin Soldier,Waygate in eastern Siofra River,"16,000",Dragon Halberd,120,"Dano de ğŸ¤º PerfuraÃ§Ã£o (Pierce), ğŸ”¥ Fogo, ğŸ©¸ Sangramento.","âš¡ Raio (moderado), â„ï¸ Congelamento."
Siofra and Nokron,Regal Ancestor Spirit,Deer corpse after lighting all the pillars,"24,000",Remembrance of the Regal Ancestor,120,"ğŸ”¥ Fogo, ğŸ©¸ Sangramento, â„ï¸ Congelamento.","ğŸ”· Magia, ğŸ§Š Gelo. Imune a Morte."
Siofra and Nokron,Mimic Tear,Down the stairs from Siofra River Well Depths,"10,000",2x Larval Tear; Silver Tear Mask,N/A,Fraquezas e ResistÃªncias refletem as da sua prÃ³pria build.,resistÃªncias e Fraquezas dependem da sua prÃ³pria build.
Stormveil Castle,"Margit, the Fell Omen",After Castelward Tunnel SoG,"12,000",Talisman Pouch,80,"ğŸ©¸ Sangramento, â„ï¸ Congelamento (ambos moderados), Dano de Impacto (Strike)."," ğŸ©¸ Sangramento (moderado), â„ï¸ Congelamento (moderado)."
Stormveil Castle,Godrick the Grafted,Next to Secluded Cell Sog,"20,000",Godrick's Great Rune; Remembrance of the Grafted,105,"ğŸ©¸ Sangramento, â„ï¸ Congelamento."," ğŸ©¸ Sangramento e â„ï¸ Congelamento (menos que alguns outros chefes, ainda vulnerÃ¡vel)."
Stormveil Castle,Ulcerated Tree Spirit,Underground Crypt,"4,736",Golden Seed,120,"ğŸ™ŒğŸ» Sagrado, ğŸ©¸ Sangramento, â„ï¸ Congelamento.", ğŸ”¥ Fogo. Imune a Morte.
Volcano Manor,2x Abductor Virgin,After Subterranean Inquisition Chamber SoG,"10,000",Inquisitor's Girandole,65,"âš¡ Raio, ğŸ Acerto (Strike).",  ğŸ©¸ Sangramento. â„ï¸ Congelamento. Fraco a âš¡ Raio e Acerto (Strike).
Volcano Manor,Godskin Noble,Temple of Eiglay,"50,000",Godskin Stitcher; Noble Presence,80,"ğŸ’¤ Sono, ğŸ©¸ Sangramento, â„ï¸ Congelamento."," ğŸ”¥ Fogo (Fase 2) e âš”ï¸ Corte (Slash).  ğŸ©¸ Sangramento, â„ï¸ Congelamento."
Volcano Manor,Tanith's Crucible Knight,"Rykard, Lord of Blasphemy","2,000",Aspect of the Crucible: Breath,80,"ğŸ©¸ Sangramento, â„ï¸ Congelamento, ğŸ”· Magia.","  ğŸ™ŒğŸ» Sagrado.  ğŸ©¸ Sangramento, â„ï¸ Congelamento."
Volcano Manor,"Rykard, Lorf of Blasphemy",After a teleporter placed at the end of Legacy Dungeon ,"130,000",Eye Surcoat; Remembrance of the Blasphemous; Rykard's Great Rune,120,Grandes armas que causam ğŸ©¸ Sangramento ou â„ï¸ Congelamento (com a arma especial).,"  ğŸ”¥ Fogo, ğŸŸ¢ Veneno,  ğŸ PodridÃ£o Escarlate (ele mesmo aplica). Imune a Morte."
Volcano Manor,Inquisitor Ghiza,2nd floor of Volcano Mannor Properties,"6,858",Furlcalling Finger Remedy; Ghiza's Wheel,N/A,"ğŸ©¸ Sangramento, â„ï¸ Congelamento.", ğŸ©¸ Sangramento.
Weeping Peninsula,Scaly Misbegotten,Morne Tunnel,"2,000",Rusted Anchor,65,"ğŸ©¸ Sangramento, â„ï¸ Congelamento.", ğŸ©¸ Sangramento.
Weeping Peninsula,Cemetery Shade,Tombsward Catacombs,"2,200",Lhutel the Headless,70,"Dano ğŸ™ŒğŸ» Sagrado, ğŸ”¥ Fogo.","â„ï¸ Congelamento, ğŸ©¸ Sangramento."
Weeping Peninsula,Ancient Hero of Zamor,Weeping Evergaol,"5,400",Radagon's Scarseal,80,"ğŸ”¥ Fogo, âš¡ Raio.","â„ï¸ Congelamento (moderado),  ğŸ©¸ Sangramento. Imune a â„ï¸ Congelamento (pode ter fases/exceÃ§Ãµes)."
Weeping Peninsula,Demi-Human Queen,Demi-Human Forest Ruins,"1,013",Demi.Human Queen's Staff; Crystal Burst,80,ğŸ”¥ Fogo.," ğŸ©¸ Sangramento, â„ï¸ Congelamento."
Weeping Peninsula,Erdtree Burial Watchdog,Impaler's Catacombs,2400,Demi-Human Ashes,80,"ğŸ Acerto (Strike), ğŸ”¥ Fogo, Dano ğŸ™ŒğŸ» Sagrado (menos do que esperaria).","  ğŸ¤º PerfuraÃ§Ã£o (Thrust).  ğŸ©¸ Sangramento, â„ï¸ Congelamento."
Weeping Peninsula,Night's Cavalry,Next to Castle Morne Rampart SoG,"3,400",Nightrider Flail; Ash of War: Barricade Shield,80,"ğŸ™ŒğŸ» Sagrado, ğŸ©¸ Sangramento, â„ï¸ Congelamento.", ğŸ©¸ Sangramento e â„ï¸ Congelamento (variaÃ§Ã£o por arma).
Weeping Peninsula,Runebear,Earthbore Cave,"2,600",Spelldrake Talisman,80,"ğŸ©¸ Sangramento, ğŸ”¥ Fogo.", ğŸ©¸ Sangramento.
Weeping Peninsula,Miranda the Blighted Bloom,Tombsward Cave,"2,100",Viridian Amber Medallion,100,ğŸ”¥ Fogo., ğŸ”· Magia.
Weeping Peninsula,Deathbird,Next to Castle Morne Rampart SoG,"3,900",Sacrificial Axe,120,"ğŸ”¥ Fogo, Dano de ğŸ Acerto (Strike).",Imune a Morte.   ğŸ™ŒğŸ» Sagrado.  ğŸ©¸ Sangramento (moderado).
Weeping Peninsula,Erdtree Avatar,Minor Erdtree,"4,500",Opaline Bubbletear; Crimsonburst Crystal Tear,120,"ğŸ”¥ Fogo, ğŸ©¸ Sangramento, â„ï¸ Congelamento.","  ğŸ™ŒğŸ» Sagrado.  ğŸ©¸ Sangramento, â„ï¸ Congelamento."